category,likes,shares,comments,views,post_date
Reels,3901,2879,1300,27461,2024-02-12T08:09:01.360Z
Static_Images,8512,3932,2925,45379,2024-08-09T18:57:07.497Z
Carousel,7456,116,1617,26286,2024-07-31T21:15:31.180Z
Reels,934,2521,1937,14793,2024-09-25T05:56:02.672Z
Static_Images,2336,3380,718,13661,2024-01-15T11:30:07.541Z
Carousel,6507,1437,453,42910,2024-02-20T19:58:13.141Z
Reels,9799,2196,1353,2864,2024-05-06T02:33:16.458Z
Static_Images,5478,249,638,35580,2024-08-02T16:03:08.807Z
Carousel,3015,4433,2595,49994,2024-07-13T21:21:59.712Z
Reels,9754,4136,701,34080,2024-06-12T19:02:39.289Z
Static_Images,9381,844,2854,10819,2024-03-07T21:58:00.783Z
Carousel,4012,1034,2926,40448,2024-09-09T02:30:10.892Z
Reels,3948,517,2950,13191,2024-09-26T06:25:58.387Z
Static_Images,2715,2913,768,32829,2024-06-08T02:10:47.456Z
Carousel,9684,2504,2713,41634,2024-12-06T15:59:03.113Z
Reels,4963,605,1576,49641,2024-04-14T23:00:11.830Z
Static_Images,8301,3224,1298,25295,2024-07-22T23:05:36.143Z
Carousel,3828,4660,697,6633,2024-12-08T23:41:43.219Z
Reels,1596,3876,1780,28900,2024-05-25T14:12:29.538Z
Static_Images,7890,2871,2218,44873,2024-12-20T20:33:35.950Z
Carousel,5832,4557,663,3534,2024-10-08T11:53:57.736Z
Reels,2214,1173,1338,14586,2024-07-08T14:49:35.301Z
Static_Images,7166,2736,2915,46448,2024-07-20T16:16:45.877Z
Carousel,3852,1347,279,26835,2024-05-16T12:15:14.765Z
Reels,6080,1083,1490,9764,2024-10-27T06:52:55.393Z
Static_Images,2890,2913,2939,19861,2024-08-10T03:18:46.257Z
Carousel,148,2335,1067,23492,2024-04-12T13:24:08.230Z
Reels,4371,4816,2944,24579,2024-03-10T07:02:35.769Z
Static_Images,6290,197,2870,27876,2024-10-25T04:16:43.954Z
Carousel,2508,2195,830,6145,2024-04-29T21:21:28.385Z
Reels,6390,500,2450,41359,2024-07-05T09:56:33.779Z
Static_Images,9931,1014,2318,42323,2024-06-09T16:12:42.394Z
Carousel,8120,4040,2534,41836,2024-06-07T03:34:38.276Z
Reels,9313,690,1541,24863,2024-11-26T00:36:54.985Z
Static_Images,6848,3530,539,27599,2024-10-26T15:17:08.045Z
Carousel,8996,922,513,42615,2024-09-30T23:50:26.774Z
Reels,4104,4336,1507,44207,2024-10-30T14:48:56.144Z
Static_Images,2070,4602,1011,13382,2024-10-13T01:21:16.340Z
Carousel,2853,976,2977,21973,2024-05-04T13:09:47.578Z
Reels,9619,1638,1678,9307,2024-08-05T01:44:56.508Z
Static_Images,8674,3693,420,48368,2024-06-03T07:11:10.885Z
Carousel,5095,1933,2677,30378,2024-05-27T03:43:05.863Z
Reels,5054,2891,796,143,2024-04-29T10:19:21.571Z
Static_Images,1952,615,1299,40652,2024-06-29T16:29:20.010Z
Carousel,1471,2189,1623,21427,2024-06-05T17:58:49.537Z
Reels,950,4763,2377,41070,2024-11-06T20:05:41.803Z
Static_Images,9914,884,2337,39273,2024-12-05T06:28:56.684Z
Carousel,9718,908,468,15688,2024-10-15T07:15:34.540Z
Reels,935,3608,1616,31887,2024-03-04T03:31:07.880Z
Static_Images,6817,2534,2770,23141,2024-02-25T05:02:05.959Z
Carousel,2208,500,1872,19950,2024-03-31T03:23:08.767Z
Reels,461,1636,2807,37816,2024-08-11T00:15:42.702Z
Static_Images,505,3824,1247,24509,2024-06-24T13:31:33.912Z
Carousel,5373,4485,1001,24042,2024-08-06T11:03:27.033Z
Reels,977,3843,2418,24396,2024-01-28T00:46:02.470Z
Static_Images,6308,785,154,45319,2024-11-24T17:40:11.917Z
Carousel,8376,2221,1114,45586,2024-04-02T06:06:32.755Z
Reels,6072,3874,762,28286,2024-09-16T09:42:51.947Z
Static_Images,3154,4121,266,34299,2024-02-15T10:56:23.885Z
Carousel,5022,2740,458,40496,2024-02-19T19:27:33.423Z
Reels,3283,2404,1485,42230,2024-12-22T14:34:09.941Z
Static_Images,612,2796,1185,44745,2024-04-27T15:52:15.723Z
Carousel,6977,3447,1584,29170,2024-08-30T03:59:10.199Z
Reels,6503,3834,2732,4546,2024-05-08T13:26:46.972Z
Static_Images,816,1800,2855,1439,2024-06-30T00:29:56.776Z
Carousel,6725,3465,297,20840,2024-08-15T17:29:58.610Z
Reels,4987,4320,2466,29580,2024-10-06T16:18:41.223Z
Static_Images,8547,1382,485,36922,2024-08-16T09:23:58.514Z
Carousel,5412,249,81,26460,2024-06-22T00:23:47.809Z
Reels,5905,4127,1198,36457,2024-03-18T15:21:44.091Z
Static_Images,699,3210,1304,24768,2024-11-26T18:48:44.521Z
Carousel,3153,797,2755,6323,2024-03-16T04:12:10.903Z
Reels,1606,4411,2537,40410,2024-08-09T21:04:47.624Z
Static_Images,6096,1984,1761,20871,2024-06-15T02:55:38.026Z
Carousel,7170,3268,1413,44434,2024-05-24T00:11:36.673Z
Reels,9869,2693,1842,647,2024-02-09T01:01:37.722Z
Static_Images,4512,2250,2837,17794,2024-04-11T22:14:20.762Z
Carousel,2648,1015,2545,21765,2024-07-18T06:50:17.250Z
Reels,9873,2366,765,12211,2024-06-15T23:22:28.924Z
Static_Images,6694,3477,957,15357,2024-04-22T10:22:13.089Z
Carousel,9998,2940,1218,16096,2024-02-22T20:44:22.786Z
Reels,2118,95,580,5931,2024-10-05T03:21:50.251Z
Static_Images,3732,4347,2590,7059,2024-05-12T09:43:36.507Z
Carousel,5461,1599,535,9097,2024-07-27T22:19:59.082Z
Reels,5883,2692,497,44458,2024-12-25T18:30:04.043Z
Static_Images,3702,299,1716,43721,2024-01-14T21:31:20.381Z
Carousel,5251,4726,2119,42685,2024-09-13T00:17:19.557Z
Reels,868,2013,843,38098,2024-06-17T16:19:41.914Z
Static_Images,1070,962,625,47806,2024-04-28T10:02:29.306Z
Carousel,913,4086,1337,15518,2024-01-07T12:48:56.498Z
Reels,5766,1520,2636,32903,2024-03-01T21:10:28.111Z
Static_Images,4853,3590,1179,8361,2024-12-16T09:30:43.005Z
Carousel,1619,211,2318,37399,2024-06-05T19:17:28.665Z
Reels,617,1422,1665,11707,2024-06-16T02:51:53.050Z
Static_Images,5614,2185,1544,29574,2024-12-04T07:41:28.039Z
Carousel,3246,1289,1597,23188,2024-01-03T20:33:24.321Z
Reels,6347,338,706,32392,2024-08-29T00:05:51.024Z
Static_Images,3977,3603,2329,47068,2024-08-05T05:18:27.387Z
Carousel,4181,846,834,31704,2024-08-22T07:37:46.341Z
Reels,3911,2831,485,46248,2024-01-28T09:17:02.171Z
Static_Images,2840,1199,1205,48488,2024-09-11T07:58:10.834Z
Carousel,4607,4421,1135,36776,2024-01-14T15:33:12.850Z
Reels,3755,4880,716,42733,2024-09-09T04:57:24.476Z
Static_Images,8887,809,2952,33962,2024-04-29T02:40:44.371Z
Carousel,2013,72,962,33875,2024-11-04T15:17:00.610Z
Reels,7434,3320,1058,8772,2024-08-07T20:50:27.394Z
Static_Images,9906,2580,499,47953,2024-02-23T18:03:57.294Z
Carousel,6024,1066,1432,5350,2024-05-23T08:36:01.301Z
Reels,9360,731,1739,49192,2024-06-07T12:49:58.820Z
Static_Images,5185,2173,1750,19272,2024-08-01T11:41:36.830Z
Carousel,2479,3225,2250,24911,2024-06-20T06:57:00.074Z
Reels,4791,3570,1397,24028,2024-01-19T05:22:12.370Z
Static_Images,7971,4327,490,43141,2024-08-10T14:32:20.399Z
Carousel,2905,2609,733,30067,2024-10-01T02:03:43.975Z
Reels,3243,1173,2,37030,2024-04-15T19:12:09.103Z
Static_Images,6015,743,38,42953,2024-02-14T02:25:13.399Z
Carousel,1960,1649,208,10378,2024-01-20T01:38:10.648Z
Reels,5215,567,2419,17804,2024-11-17T10:36:30.371Z
Static_Images,1307,4281,508,33456,2024-09-05T20:28:15.443Z
Carousel,220,290,254,984,2024-05-26T15:58:04.378Z
Reels,8151,2965,652,44610,2024-11-21T19:49:01.925Z
Static_Images,9606,2367,225,7800,2024-03-31T02:37:19.916Z
Carousel,4882,952,426,16728,2024-05-14T23:17:10.265Z
Reels,5973,3724,2411,12175,2024-06-16T21:44:13.593Z
Static_Images,2398,1329,1702,24869,2024-09-26T16:30:55.533Z
Carousel,9663,2483,522,32014,2024-04-21T19:00:49.864Z
Reels,1019,2820,283,42699,2024-04-14T12:04:02.569Z
Static_Images,5147,4470,2922,24057,2024-04-24T02:15:48.674Z
Carousel,178,3959,1483,7220,2024-09-19T13:31:48.610Z
Reels,303,460,694,31135,2024-10-14T08:17:14.685Z
Static_Images,3765,659,2304,10002,2024-02-13T07:17:00.668Z
Carousel,4089,1437,1747,25900,2024-02-21T22:23:20.940Z
Reels,4712,4234,1377,40558,2024-05-06T00:31:31.234Z
Static_Images,5842,2481,2716,29058,2024-12-27T03:28:11.374Z
Carousel,876,2776,270,12127,2024-10-01T00:32:17.228Z
Reels,5421,2208,2009,48850,2024-02-26T08:11:41.833Z
Static_Images,6843,4689,42,29081,2024-10-15T23:42:39.305Z
Carousel,5035,2300,182,11729,2024-08-17T11:21:47.955Z
Reels,7313,3759,834,23473,2024-12-30T07:51:58.666Z
Static_Images,3797,3207,2706,4678,2024-08-18T21:51:05.857Z
Carousel,8563,3793,2329,29923,2024-03-05T05:38:35.694Z
Reels,1056,121,1824,45137,2024-04-10T19:36:02.335Z
Static_Images,5336,1921,1028,35136,2024-04-25T04:26:02.584Z
Carousel,2089,2613,105,38393,2024-06-26T10:43:40.584Z
Reels,3291,4334,958,48195,2024-08-31T20:20:05.280Z
Static_Images,9360,1064,2692,25464,2024-04-05T04:07:26.078Z
Carousel,7613,4754,2393,33150,2024-04-15T23:39:39.530Z
Reels,2377,4391,240,49814,2024-09-02T09:33:55.787Z
Static_Images,271,3969,918,35567,2024-05-06T13:08:23.896Z
Carousel,8229,2902,1976,38106,2024-03-08T01:41:47.314Z
Reels,6137,3270,1068,38357,2024-03-10T02:31:59.373Z
Static_Images,2257,4054,2384,28039,2024-11-25T02:08:37.323Z
Carousel,24,1022,248,46331,2024-08-17T12:59:29.988Z
Reels,7262,3649,1191,11228,2024-03-12T06:54:52.690Z
Static_Images,8779,785,1680,38008,2024-08-05T23:05:58.503Z
Carousel,1556,1195,2071,41836,2024-09-05T01:38:02.941Z
Reels,1271,4989,354,7762,2024-02-10T19:17:24.819Z
Static_Images,8402,3324,1319,38950,2024-07-17T07:47:13.467Z
Carousel,1265,3721,545,6143,2024-06-27T12:48:08.020Z
Reels,3129,4255,30,22420,2024-04-12T12:39:19.537Z
Static_Images,4960,2794,2303,49811,2024-02-18T18:17:23.597Z
Carousel,6552,4455,372,40523,2024-01-22T12:04:25.883Z
Reels,3252,1817,1646,21323,2024-10-05T00:15:12.478Z
Static_Images,6766,4652,2772,19219,2024-04-30T05:05:31.207Z
Carousel,9236,4698,1109,25020,2024-11-29T12:17:00.007Z
Reels,6611,2973,401,19930,2024-03-11T05:42:00.784Z
Static_Images,4922,1658,138,45621,2024-07-08T01:18:32.550Z
Carousel,2025,2046,2475,3064,2024-10-10T16:26:46.976Z
Reels,7757,3051,2700,47231,2024-02-10T20:52:44.663Z
Static_Images,6723,4550,2641,3425,2024-08-19T23:19:59.593Z
Carousel,6512,4303,1321,8946,2024-05-21T07:19:23.224Z
Reels,5056,3719,763,17781,2024-06-25T06:11:55.395Z
Static_Images,9604,502,761,12502,2024-11-06T15:14:25.213Z
Carousel,7858,3269,873,33489,2024-01-13T22:09:12.262Z
Reels,2319,4474,1864,2540,2024-05-29T09:55:32.523Z
Static_Images,7706,2754,552,36022,2024-08-05T22:50:35.325Z
Carousel,159,2671,2974,2732,2024-05-03T22:50:30.675Z
Reels,8394,4361,2782,24871,2024-07-28T06:18:52.209Z
Static_Images,224,1239,2630,31140,2024-10-08T21:25:52.727Z
Carousel,7115,1466,2706,46812,2024-05-04T18:49:03.557Z
Reels,7382,3067,1412,17544,2024-04-09T17:34:04.291Z
Static_Images,3817,4357,858,27424,2024-03-16T08:04:27.403Z
Carousel,690,4604,1310,14820,2024-08-21T16:12:13.095Z
Reels,2461,4339,762,4973,2024-11-17T17:18:26.020Z
Static_Images,2535,4701,2774,29028,2024-08-20T03:06:07.342Z
Carousel,8948,3145,2793,30440,2024-10-26T15:31:20.105Z
Reels,5230,3189,1242,28044,2024-06-13T15:16:47.084Z
Static_Images,1430,3434,1215,2981,2024-10-10T13:44:33.446Z
Carousel,9371,4325,2414,16150,2024-01-31T19:34:47.861Z
Reels,4341,112,777,19020,2024-10-19T13:25:31.925Z
Static_Images,7263,990,2043,37578,2024-12-08T09:33:27.850Z
Carousel,2507,2327,537,10255,2024-10-08T04:25:07.588Z
Reels,6858,4757,324,40661,2024-10-16T23:28:30.939Z
Static_Images,5408,3819,2492,10272,2024-01-29T12:13:50.132Z
Carousel,9369,2612,1924,13763,2024-07-06T05:58:48.819Z
Reels,224,1479,2737,620,2024-02-16T12:00:20.711Z
Static_Images,7003,4342,202,14616,2024-07-16T09:00:02.863Z
Carousel,2745,1312,577,19743,2024-05-28T12:39:08.349Z
Reels,8318,241,2045,41158,2024-08-27T20:09:42.803Z
Static_Images,7264,42,2842,34447,2024-02-03T05:25:05.539Z
Carousel,6122,1546,2172,20243,2024-06-19T08:33:06.743Z
Reels,6704,32,2242,9468,2024-12-13T18:19:10.680Z
Static_Images,5415,2403,2906,46204,2024-09-26T20:45:23.766Z
Carousel,6854,2783,2715,41758,2024-03-22T14:27:25.776Z
Reels,6606,374,895,21150,2024-07-30T14:23:36.293Z
Static_Images,9274,2253,954,10181,2024-07-11T00:25:31.420Z
Carousel,3277,208,1096,27966,2024-11-03T21:17:36.432Z
Reels,867,146,2917,17793,2024-04-25T11:17:06.118Z
Static_Images,3095,2614,2578,13348,2024-10-18T18:20:00.076Z
Carousel,2204,3842,1162,33232,2024-01-17T05:05:55.711Z
Reels,235,613,1859,274,2024-11-18T13:45:53.271Z
Static_Images,6509,616,2860,48503,2024-04-08T10:41:50.819Z
Carousel,2668,2071,2269,9028,2024-02-23T12:37:50.186Z
Reels,3423,3662,1631,20071,2024-02-15T12:27:02.437Z
Static_Images,9053,4370,2635,18798,2024-11-13T07:15:06.920Z
Carousel,9873,523,687,14173,2024-01-27T10:54:30.026Z
Reels,4845,4715,584,21119,2024-11-30T17:38:34.510Z
Static_Images,2064,356,367,24501,2024-11-22T21:09:05.295Z
Carousel,5539,3548,1217,48496,2024-09-19T02:30:36.566Z
Reels,6842,1908,167,14358,2024-08-31T18:22:05.574Z
Static_Images,6156,4781,1378,186,2024-08-19T03:25:20.203Z
Carousel,1073,4430,1368,9521,2024-10-14T05:26:04.401Z
Reels,2446,4470,192,34751,2024-04-11T11:26:29.342Z
Static_Images,3090,4266,439,15349,2024-11-18T16:57:18.858Z
Carousel,9050,3383,514,48623,2024-05-04T04:44:12.118Z
Reels,8373,3575,560,6434,2024-04-07T14:53:25.077Z
Static_Images,6173,193,2288,32688,2024-06-02T00:42:06.470Z
Carousel,7672,2537,385,21081,2024-01-15T20:35:59.083Z
Reels,763,454,2189,34129,2024-11-04T00:36:43.858Z
Static_Images,6729,1436,2409,35988,2024-10-16T17:01:27.652Z
Carousel,7023,3767,2801,37015,2024-08-25T04:08:32.971Z
Reels,6224,3974,2841,9881,2024-12-11T12:58:03.383Z
Static_Images,2192,4969,2060,39274,2024-02-09T02:20:58.263Z
Carousel,8857,4215,1712,7311,2024-08-15T15:52:36.110Z
Reels,8104,3932,611,26332,2024-05-10T09:08:16.950Z
Static_Images,1156,1481,2492,1389,2024-02-14T13:14:52.389Z
Carousel,2364,1783,522,1379,2024-09-23T11:25:46.535Z
Reels,7280,781,2779,47447,2024-02-29T10:01:41.394Z
Static_Images,7347,4556,1465,7511,2024-06-20T23:33:41.765Z
Carousel,4905,2490,1227,2709,2024-03-06T02:33:28.792Z
Reels,6792,1959,1884,48817,2024-07-20T00:17:13.973Z
Static_Images,9432,230,2832,22984,2024-01-08T19:38:47.297Z
Carousel,8946,4863,2358,4701,2024-09-20T05:36:22.346Z
Reels,8121,819,921,28650,2024-04-09T21:18:52.336Z
Static_Images,7588,3310,952,23978,2024-11-12T02:03:36.974Z
Carousel,1311,3962,540,19623,2024-12-10T09:46:41.394Z
Reels,3625,4583,2267,38812,2024-09-04T14:49:49.741Z
Static_Images,7879,4723,1393,7298,2024-10-27T00:48:33.100Z
Carousel,3403,276,2020,33601,2024-12-29T03:00:38.382Z
Reels,9990,3629,1230,21398,2024-11-22T01:33:36.849Z
Static_Images,6658,192,106,37185,2024-12-22T04:37:04.738Z
Carousel,9193,3859,2947,16324,2024-01-26T07:36:29.103Z
Reels,5180,1587,1074,13228,2024-02-16T18:07:25.496Z
Static_Images,3128,1829,2547,11969,2024-04-29T07:01:03.908Z
Carousel,5916,2249,773,36324,2024-05-26T06:03:42.613Z
Reels,2565,4511,1732,37247,2024-04-10T22:15:29.564Z
Static_Images,3750,1965,2689,42202,2024-05-30T08:07:06.219Z
Carousel,4981,221,1940,45020,2024-01-28T18:59:13.061Z
Reels,76,1594,2965,11181,2024-02-06T07:33:58.113Z
Static_Images,5016,2105,729,22203,2024-04-01T01:57:25.123Z
Carousel,7161,4287,625,32927,2024-02-17T13:36:43.877Z
Reels,456,246,1082,44588,2024-11-08T07:43:18.991Z
Static_Images,7653,4659,1826,34779,2024-02-01T17:18:55.269Z
Carousel,6025,3496,279,20990,2024-08-17T13:51:40.152Z
Reels,9944,1432,2572,3362,2024-05-07T03:35:01.757Z
Static_Images,5945,3668,2626,49225,2024-05-10T05:42:55.070Z
Carousel,9097,2597,2718,44573,2024-07-30T06:54:40.006Z
Reels,4825,1392,1267,7493,2024-10-26T17:41:02.345Z
Static_Images,8738,3512,200,31559,2024-08-04T05:54:42.860Z
Carousel,8270,4030,99,33271,2024-07-31T02:01:34.980Z
Reels,1199,4823,2094,19669,2024-10-26T10:24:50.652Z
Static_Images,4626,1772,904,10874,2024-05-31T22:48:18.562Z
Carousel,3308,3516,1346,25437,2024-08-30T06:51:37.794Z
Reels,8120,813,2834,10903,2024-09-05T14:58:03.835Z
Static_Images,1471,4462,1536,23395,2024-10-28T04:51:30.368Z
Carousel,6241,4900,226,1614,2024-05-25T12:15:07.750Z
Reels,9746,2895,720,24220,2024-06-23T10:12:25.505Z
Static_Images,7043,2187,1211,31073,2024-05-04T04:18:39.736Z
Carousel,8648,3061,1178,23532,2024-08-11T16:27:02.679Z
Reels,284,724,2155,16441,2024-07-30T09:23:28.345Z
Static_Images,248,3864,1596,39744,2024-09-19T01:38:14.286Z
Carousel,8191,3913,1918,5201,2024-11-16T14:09:34.943Z
Reels,6072,4849,1413,24939,2024-10-26T18:13:12.965Z
Static_Images,8131,1872,1566,36807,2024-07-22T12:21:28.266Z
Carousel,8967,4917,805,29990,2024-02-07T20:57:08.188Z
Reels,5707,1762,672,20160,2024-07-08T06:56:03.610Z
Static_Images,8689,579,1720,7739,2024-06-05T01:12:34.674Z
Carousel,498,3992,1097,2305,2024-05-19T01:13:15.881Z
Reels,639,944,1211,30876,2024-08-13T06:54:12.179Z
Static_Images,6298,2580,678,34844,2024-02-23T18:36:21.095Z
Carousel,4011,4763,2540,45498,2024-02-18T04:59:48.657Z
Reels,2807,3307,1058,34355,2024-11-18T06:44:37.082Z
Static_Images,4483,2865,108,40340,2024-10-19T13:00:56.675Z
Carousel,2848,4779,1236,40512,2024-12-29T10:59:22.264Z
Reels,7668,3530,1252,25941,2024-07-06T08:27:10.703Z
Static_Images,7378,983,2739,34434,2024-11-23T20:57:04.300Z
Carousel,6885,21,1092,22190,2024-07-18T10:35:11.428Z
Reels,4703,1635,311,7099,2024-06-01T02:11:36.670Z
Static_Images,4198,3630,123,10204,2024-11-22T15:09:46.123Z
Carousel,9314,1633,2309,12048,2024-07-14T03:46:29.613Z
Reels,5409,4478,2899,7355,2024-04-16T02:12:56.129Z
Static_Images,3106,1335,601,26411,2024-08-18T23:12:27.234Z
Carousel,5704,2920,2325,18079,2024-05-31T11:45:18.993Z
Reels,4952,4034,395,22048,2024-11-29T06:09:21.257Z
Static_Images,5254,3565,1159,13055,2024-07-03T05:53:06.571Z
Carousel,2338,2178,2866,21441,2024-11-04T19:57:26.492Z
Reels,7768,1218,125,38132,2024-09-12T20:25:32.959Z
Static_Images,9926,709,1262,13465,2024-09-16T08:07:43.486Z
Carousel,9139,4865,2061,2086,2024-04-07T09:37:00.827Z
Reels,9658,3739,214,6476,2024-03-04T11:57:54.985Z
Static_Images,5714,3559,251,30647,2024-08-29T09:19:43.364Z
Carousel,2877,2051,500,46231,2024-12-02T00:38:21.517Z
Reels,8200,2106,2650,49732,2024-11-03T16:07:49.319Z
Static_Images,7996,245,691,14503,2024-08-04T09:12:21.302Z
Carousel,6927,3100,1819,28267,2024-10-23T22:39:34.674Z
Reels,4312,4127,2886,38717,2024-07-16T11:08:45.079Z
Static_Images,5151,353,980,11988,2024-04-13T05:16:12.381Z
Carousel,5815,1782,1013,24630,2024-08-29T11:47:29.086Z
Reels,477,2900,2173,8346,2024-01-07T04:36:41.251Z
Static_Images,4012,1426,2551,557,2024-11-30T02:21:41.770Z
Carousel,6766,3336,1292,20061,2024-01-12T21:58:47.780Z
Reels,5611,272,1584,19112,2024-06-28T22:08:16.187Z
Static_Images,7515,3442,1109,24936,2024-10-18T23:07:28.689Z
Carousel,4738,1570,75,18031,2024-04-28T05:12:34.080Z
Reels,1630,4230,2500,27765,2024-09-17T10:24:03.854Z
Static_Images,9775,4050,2240,5699,2024-03-04T09:08:00.548Z
Carousel,2546,4527,1805,19376,2024-05-25T02:11:36.696Z
Reels,5915,3625,407,11234,2024-07-30T03:22:05.680Z
Static_Images,8487,373,12,38901,2024-10-18T08:49:03.814Z
Carousel,7171,2344,76,18609,2024-07-10T05:06:24.079Z
Reels,5231,4029,92,48867,2024-11-12T16:09:38.969Z
Static_Images,6008,1002,62,1880,2024-10-26T19:56:55.319Z
Carousel,2769,2916,645,34429,2024-02-21T19:15:37.878Z
Reels,9544,253,1403,24789,2024-06-05T01:48:22.341Z
Static_Images,2558,3300,259,10903,2024-12-24T01:35:05.526Z
Carousel,3186,1669,2955,33821,2024-08-19T05:21:45.301Z
Reels,9320,1745,1681,1345,2024-07-05T12:43:38.708Z
Static_Images,1595,3940,2383,41541,2024-05-03T10:13:50.504Z
Carousel,8710,3691,1835,49528,2024-12-13T06:18:01.537Z
Reels,4672,2307,2951,40504,2024-05-21T10:42:28.820Z
Static_Images,4738,61,2118,46721,2024-06-03T21:11:14.336Z
Carousel,5550,1866,2979,32994,2024-11-21T08:34:57.805Z
Reels,7884,3581,1120,31461,2024-08-02T14:10:03.495Z
Static_Images,9742,2761,1617,13183,2024-01-08T12:08:50.508Z
Carousel,1385,2562,1931,16732,2024-12-02T12:40:13.615Z
Reels,6274,3995,1016,13435,2024-06-27T05:08:39.988Z
Static_Images,3488,637,2349,13118,2024-01-15T19:12:04.703Z
Carousel,5883,4274,2870,19790,2024-08-20T14:32:41.249Z
Reels,2837,3512,2425,20907,2024-08-08T18:54:05.338Z
Static_Images,2324,2148,98,49286,2024-04-23T12:32:17.227Z
Carousel,5641,4194,2967,27047,2024-07-16T00:53:35.828Z
Reels,6327,3758,1857,45436,2024-06-28T15:43:56.375Z
Static_Images,2230,407,2907,18018,2024-07-07T19:39:42.639Z
Carousel,6205,4793,2582,25892,2024-11-04T01:16:29.709Z
Reels,5541,2148,912,12146,2024-03-21T08:44:02.554Z
Static_Images,9081,1328,942,44537,2024-07-23T08:47:04.360Z
Carousel,8035,4176,2435,39531,2024-01-14T20:09:40.613Z
Reels,3682,3939,2004,44798,2024-02-02T23:46:55.799Z
Static_Images,7854,2006,2267,17290,2024-02-24T04:33:33.415Z
Carousel,7413,1199,2279,41887,2024-03-05T07:04:15.640Z
Reels,9548,1306,1451,32371,2024-11-21T01:03:26.399Z
Static_Images,7225,3721,2719,11892,2024-05-29T00:18:18.575Z
Carousel,8041,4915,2729,32143,2024-03-13T09:31:11.267Z
Reels,5739,3946,1964,6167,2024-12-07T21:12:01.260Z
Static_Images,4098,3581,1681,30668,2024-11-17T11:43:17.722Z
Carousel,9679,3281,51,24259,2024-06-28T18:38:31.311Z
Reels,5322,3332,2279,47409,2024-05-02T03:34:48.404Z
Static_Images,7134,3231,1165,35884,2024-06-09T23:34:20.135Z
Carousel,3912,1949,1766,16789,2024-04-26T23:46:59.360Z
Reels,90,3273,1395,16218,2024-12-12T18:20:36.971Z
Static_Images,9617,2775,2523,7667,2024-03-06T00:13:22.561Z
Carousel,2679,4498,2064,25891,2024-08-03T06:52:11.025Z
Reels,6931,4324,693,6077,2024-01-13T02:31:41.564Z
Static_Images,4183,2650,1263,2514,2024-02-03T02:21:42.094Z
Carousel,3684,612,990,33609,2024-04-02T03:20:32.600Z
Reels,5306,2899,2576,31772,2024-01-16T17:30:32.577Z
Static_Images,452,3717,866,2640,2024-11-01T02:49:14.810Z
Carousel,7325,3000,1367,15100,2024-03-26T08:49:10.513Z
Reels,202,3208,1200,31647,2024-10-07T06:55:57.308Z
Static_Images,842,2678,926,37211,2024-03-05T06:18:28.800Z
Carousel,5804,3289,1907,18941,2024-12-12T20:02:38.519Z
Reels,9782,2975,1307,43890,2024-12-16T11:35:00.421Z
Static_Images,3342,4650,767,34959,2024-11-28T02:18:48.633Z
Carousel,4514,3082,2125,11761,2024-07-25T23:57:17.063Z
Reels,5331,2740,1256,32041,2024-06-14T19:43:10.033Z
Static_Images,5401,2901,1341,35158,2024-04-11T01:14:09.323Z
Carousel,125,335,2715,31997,2024-06-25T05:12:10.287Z
Reels,9802,948,1060,18170,2024-10-21T03:38:49.127Z
Static_Images,744,255,183,28790,2024-11-14T22:07:48.547Z
Carousel,3416,1150,2156,3163,2024-05-24T02:40:33.172Z
Reels,5677,4829,2505,1516,2024-06-16T01:58:30.174Z
Static_Images,7921,1195,1670,34589,2024-10-28T04:29:22.447Z
Carousel,2471,2265,2458,23024,2024-10-26T14:00:22.875Z
Reels,7301,4242,931,29409,2024-09-17T19:01:16.607Z
Static_Images,5496,3324,1938,38534,2024-11-08T06:52:30.755Z
Carousel,3935,1585,306,32698,2024-03-06T01:05:12.548Z
Reels,704,4408,1536,34885,2024-01-31T19:35:54.834Z
Static_Images,1280,81,299,16671,2024-06-18T22:17:54.035Z
Carousel,4866,3513,2870,27695,2024-05-12T21:52:01.690Z
Reels,6904,2589,381,36475,2024-05-13T07:04:45.992Z
Static_Images,5461,4299,1792,17248,2024-08-28T19:35:33.748Z
Carousel,6446,3500,2103,43003,2024-04-02T14:18:30.405Z
Reels,6251,2590,2693,37414,2024-10-22T12:38:38.173Z
Static_Images,6141,4283,384,37011,2024-01-31T07:15:15.059Z
Carousel,7140,1306,1988,39953,2024-12-06T18:34:44.186Z
Reels,7801,1999,1812,25038,2024-05-29T20:13:06.284Z
Static_Images,348,4762,410,4474,2024-07-30T19:57:33.018Z
Carousel,752,1930,1842,37841,2024-10-19T16:35:31.297Z
Reels,6801,2961,2148,14158,2024-12-22T01:17:10.953Z
Static_Images,2565,2947,2777,26209,2024-03-17T03:14:31.280Z
Carousel,4043,2805,2397,1395,2024-12-25T18:37:41.096Z
Reels,5352,832,1204,49032,2024-07-31T06:58:57.913Z
Static_Images,981,2958,2188,44204,2024-02-03T23:05:40.861Z
Carousel,1924,366,1700,22915,2024-10-14T10:32:32.240Z
Reels,344,3233,2203,44722,2024-03-20T06:30:19.479Z
Static_Images,8315,434,1191,29705,2024-03-03T22:08:30.733Z
Carousel,4667,2507,2531,5066,2024-03-29T16:05:00.582Z
Reels,3230,3672,2159,46686,2024-01-14T11:52:59.440Z
Static_Images,7815,4432,1494,33925,2024-12-08T01:05:26.097Z
Carousel,1120,4517,190,27545,2024-08-22T05:11:51.618Z
Reels,1617,359,293,29588,2024-09-16T17:07:19.896Z
Static_Images,6232,156,706,34966,2024-12-27T10:32:11.119Z
Carousel,9550,3024,1168,22588,2024-08-12T06:40:07.758Z
Reels,170,231,569,45469,2024-12-16T21:00:09.125Z
Static_Images,4448,4937,1109,47988,2024-07-28T14:54:09.678Z
Carousel,2097,4764,144,36205,2024-10-05T01:37:20.261Z
Reels,959,3780,166,8063,2024-08-08T04:11:27.020Z
Static_Images,770,3498,553,18252,2024-12-10T09:59:04.593Z
Carousel,1284,623,1217,20216,2024-01-25T10:21:56.852Z
Reels,1687,3192,2578,23500,2024-10-04T05:43:29.376Z
Static_Images,2412,2351,251,2275,2024-10-30T02:59:48.216Z
Carousel,5937,4764,2061,9481,2024-10-10T11:54:55.494Z
Reels,6862,4406,2203,13518,2024-02-29T13:01:22.075Z
Static_Images,6155,1045,2104,43558,2024-08-20T03:18:57.657Z
Carousel,7588,3782,216,23788,2024-10-21T16:39:01.469Z
Reels,6608,4054,1114,32061,2024-06-01T10:30:24.246Z
Static_Images,92,898,1022,5263,2024-09-05T03:00:23.125Z
Carousel,1781,3462,496,19626,2024-03-03T01:54:40.260Z
Reels,5586,1142,2637,8151,2024-03-06T09:44:43.715Z
Static_Images,6759,193,1205,44041,2024-04-03T16:17:19.291Z
Carousel,7971,2745,1979,20242,2024-12-22T04:19:09.335Z
Reels,6854,1796,1626,28988,2024-10-02T22:21:23.669Z
Static_Images,1556,1638,1392,31540,2024-01-05T13:40:49.403Z
Carousel,7477,3117,1219,5779,2024-07-06T11:39:34.062Z
Reels,3980,4382,724,33143,2024-12-30T01:25:41.176Z
Static_Images,8430,3677,2819,16436,2024-12-17T02:08:50.119Z
Carousel,7303,4584,577,3039,2024-08-21T07:55:41.255Z
Reels,4524,1513,68,44802,2024-12-11T06:47:50.314Z
Static_Images,4805,3683,866,39384,2024-01-24T03:07:21.419Z
Carousel,6759,678,1922,3239,2024-06-02T13:55:22.659Z
Reels,7936,1929,1508,6289,2024-12-08T18:31:32.391Z
Static_Images,4378,3188,1577,30437,2024-07-19T14:16:32.348Z
Carousel,5060,3994,40,13080,2024-10-03T09:29:21.383Z
Reels,2605,4472,1751,45644,2024-11-19T13:44:34.024Z
Static_Images,7455,2787,2779,42155,2024-08-11T02:04:55.369Z
Carousel,6260,3580,2236,47096,2024-06-11T03:12:01.814Z
Reels,6990,4718,412,36556,2024-12-04T22:26:30.325Z
Static_Images,6469,1262,1553,2414,2024-06-16T06:00:49.555Z
Carousel,8931,661,1452,20577,2024-11-13T05:52:28.654Z
Reels,63,3277,1485,2126,2024-11-28T13:21:36.044Z
Static_Images,4656,3597,600,17053,2024-02-02T05:38:45.167Z
Carousel,6045,1864,2845,5760,2024-06-30T04:36:53.120Z
Reels,4620,241,849,23477,2024-11-26T20:37:22.318Z
Static_Images,4992,916,2469,9286,2024-08-27T15:52:35.591Z
Carousel,9002,3403,297,33732,2024-11-06T10:40:21.852Z
Reels,6536,753,461,43618,2024-04-02T02:56:07.505Z
Static_Images,1994,3105,2917,14242,2024-03-01T11:08:29.067Z
Carousel,7252,35,1083,3556,2024-08-28T09:53:44.108Z
Reels,7139,1455,1297,29389,2024-10-23T03:59:59.056Z
Static_Images,5244,3350,471,15105,2024-12-21T18:54:25.111Z
Carousel,7986,814,1533,903,2024-11-29T03:30:20.352Z
Reels,2495,2100,1404,16467,2025-01-01T09:22:43.531Z
Static_Images,990,3709,2815,2137,2024-05-31T06:17:25.022Z
Carousel,9740,38,1132,43493,2024-02-08T17:20:47.954Z
Reels,665,4819,785,14431,2024-10-31T08:57:31.546Z
Static_Images,2106,1308,1449,30083,2024-10-31T23:55:33.197Z
Carousel,7403,2495,2503,46938,2024-09-27T04:00:01.132Z
Reels,8310,1512,1617,21273,2024-03-30T02:04:22.314Z
Static_Images,2421,3873,2723,6572,2024-07-22T00:59:08.011Z
Carousel,3210,904,599,42270,2024-09-27T13:22:10.861Z
Reels,9025,3615,1735,3453,2024-04-02T02:05:54.895Z
Static_Images,5141,4615,964,49506,2024-05-23T01:25:45.504Z
Carousel,7303,4498,1507,47585,2024-01-18T07:28:07.186Z
Reels,5384,1719,2968,36357,2024-05-19T15:06:52.549Z
Static_Images,1132,3565,2387,14153,2024-09-07T23:05:11.836Z
Carousel,6108,3851,216,13709,2024-08-03T23:35:45.131Z
Reels,4078,1919,2193,27586,2024-02-03T10:12:43.625Z
Static_Images,8053,3917,2528,35156,2024-08-16T19:59:40.280Z
Carousel,5056,1425,2456,5612,2024-12-24T19:29:00.768Z
Reels,8944,4093,1577,27623,2024-03-30T23:26:54.997Z
Static_Images,7562,2333,1592,20800,2024-03-30T21:35:25.613Z
Carousel,9016,1403,1444,40614,2024-07-03T12:56:12.488Z
Reels,2660,1973,459,42278,2024-12-02T06:10:39.095Z
Static_Images,3962,2825,1846,32787,2024-01-10T00:27:29.087Z
Carousel,5278,1651,1304,13327,2024-06-26T13:07:14.055Z
Reels,2742,3677,114,20736,2024-08-25T13:41:40.962Z
Static_Images,7485,1026,280,6260,2024-04-29T06:34:08.175Z
Carousel,931,1705,896,25881,2024-06-25T04:47:03.267Z
Reels,2032,1223,2841,26549,2024-02-22T13:04:44.689Z
Static_Images,7564,4233,2718,47411,2024-12-15T11:19:40.115Z
